"Rank","Player","Team","Positions","Yahoo","CBS","RTS","NFBC","FT","AVG"
"1","Shohei Ohtani","LAD","SP,DH","","1","1","1","1","1.0"
"2","Shohei Ohtani (Batter)","LAD","DH","1","","","","2","1.5"
"3","Bobby Witt Jr.","KC","SS","2","2","2","2","3","2.2"
"4","Aaron Judge","NYY","LF,CF,RF,DH","3","3","3","3","4","3.2"
"5","Elly De La Cruz","CIN","SS","4","4","4","4","6","4.4"
"6","Jose Ramirez","CLE","3B,DH","5","5","5","5","5","5.0"
"7","Juan Soto","NYM","LF,RF","6","6","6","7","7","6.4"
"8","Gunnar Henderson","BAL","SS","8","7","7","6","8","7.2"
"9","Kyle Tucker","CHC","RF","9","8","8","8","9","8.4"
"10","Mookie Betts","LAD","2B,SS,RF","7","9","9","11","10","9.2"
"11","Corbin Carroll","ARI","CF,RF","10","12","10","9","11","10.4"
"12","Francisco Lindor","NYM","SS","12","10","12","15","13","12.4"
"13","Fernando Tatis Jr.","SD","RF","13","11","15","10","15","12.8"
"14","Paul Skenes","PIT","SP","14","13","11","12","14","12.8"
"15","Vladimir Guerrero Jr.","TOR","1B,3B,DH","11","14","14","13","16","13.6"
"16","Tarik Skubal","DET","SP","17","17","13","16","12","15.0"
"17","Julio Rodriguez","SEA","CF","16","16","16","14","17","15.8"
"18","Yordan Alvarez","HOU","LF,DH","15","15","17","17","18","16.4"
"19","Jackson Chourio","MIL","LF,CF,RF","19","20","18","18","21","19.2"
"20","Bryce Harper","PHI","1B","20","18","21","19","20","19.6"
"21","Jarren Duran","BOS","LF,CF","21","22","19","20","22","20.8"
"22","Zack Wheeler","PHI","SP","24","21","20","21","19","21.0"
"23","Freddie Freeman","LAD","1B","18","24","24","24","25","23.0"
"24","Trea Turner","PHI","SS","22","19","25","25","26","23.4"
"25","Ketel Marte","ARI","2B,DH","27","23","23","28","23","24.8"
"26","Jazz Chisholm Jr.","NYY","3B,CF","25","25","22","22","31","25.0"
"27","Jackson Merrill","SD","CF","26","26","26","26","36","28.0"
"28","Matt Olson","ATL","1B","23","29","27","33","30","28.4"
"29","Ronald Acuna Jr.","ATL","RF","31","30","31","27","24","28.6"
"30","Austin Riley","ATL","3B","28","28","30","30","33","29.8"
"31","Logan Gilbert","SEA","SP","32","31","28","29","29","29.8"
"32","Rafael Devers","BOS","3B","30","32","33","32","28","31.0"
"33","Manny Machado","SD","3B,DH","29","34","35","34","32","32.8"
"34","William Contreras","MIL","C,DH","43","36","29","23","35","33.2"
"35","Corbin Burnes","ARI","SP","33","33","34","35","34","33.8"
"36","Garrett Crochet","BOS","SP","36","39","36","31","40","36.4"
"37","Chris Sale","ATL","SP","37","38","32","39","38","36.8"
"38","Pete Alonso","NYM","1B","34","37","38","42","39","38.0"
"39","Corey Seager","TEX","SS","39","27","41","41","43","38.2"
"40","Cole Ragans","KC","SP","44","35","40","43","37","39.8"
"41","Dylan Cease","SD","SP","42","42","43","45","41","42.6"
"42","Oneil Cruz","PIT","SS,CF","50","40","39","37","50","43.2"
"43","Kyle Schwarber","PHI","LF,DH","35","49","45","66","27","44.4"
"44","Jose Altuve","HOU","2B","41","41","46","53","42","44.6"
"45","Emmanuel Clase","CLE","RP","38","43","44","38","64","45.4"
"46","Blake Snell","LAD","SP","40","46","48","49","47","46.0"
"47","Wyatt Langford","TEX","LF,CF,DH","55","47","42","40","48","46.4"
"48","Michael Harris II","ATL","CF","47","45","51","36","57","47.2"
"49","Brent Rooker","ATH","LF,DH","48","51","37","59","44","47.8"
"50","Ozzie Albies","ATL","2B","46","44","50","56","46","48.4"
"51","Marcell Ozuna","ATL","LF,DH","49","50","49","61","45","50.8"
"52","James Wood","WSH","LF","61","52","55","48","49","53.0"
"53","CJ Abrams","WSH","SS","56","48","54","44","66","53.6"
"54","Teoscar Hernandez","LAD","LF,RF","53","59","47","57","55","54.2"
"55","Yoshinobu Yamamoto","LAD","SP","51","54","59","60","59","56.6"
"56","Framber Valdez","HOU","SP","60","55","58","64","54","58.2"
"57","Jacob deGrom","TEX","SP","54","72","61","46","60","58.6"
"58","Michael King","SD","SP","59","57","56","65","56","58.6"
"59","Devin Williams","NYY","RP","45","53","57","47","95","59.4"
"60","George Kirby","SEA","SP","66","63","52","51","74","61.2"
"61","Adley Rutschman","BAL","C,DH","69","60","60","58","63","62.0"
"62","Josh Hader","HOU","RP","52","61","62","50","97","64.4"
"63","Shota Imanaga","CHC","SP","72","62","63","73","58","65.6"
"64","Marcus Semien","TEX","2B","67","58","74","81","51","66.2"
"65","Pablo Lopez","MIN","SP","71","66","73","69","53","66.4"
"66","Willy Adames","SF","SS","80","78","71","74","52","71.0"
"67","Josh Naylor","ARI","1B","65","64","70","91","65","71.0"
"68","Lawrence Butler","ATH","RF","75","71","69","63","78","71.2"
"69","Anthony Santander","TOR","RF,DH","68","85","66","83","62","72.8"
"70","Edwin Diaz","NYM","RP","57","65","68","54","122","73.2"
"71","Mason Miller","ATH","RP","58","69","67","55","118","73.4"
"72","Brenton Doyle","COL","CF","82","86","65","70","69","74.4"
"73","Christian Walker","HOU","1B","70","68","75","92","67","74.4"
"74","Yainer Diaz","HOU","C,1B,DH","106","80","64","52","84","77.2"
"75","Aaron Nola","PHI","SP","73","82","81","89","61","77.2"
"76","Ryan Helsley","STL","RP","64","90","76","62","104","79.2"
"77","Salvador Perez","KC","C,1B,DH","94","74","72","67","105","82.4"
"78","Bryce Miller","SEA","SP","98","87","79","80","68","82.4"
"79","Jordan Westburg","BAL","2B,3B","81","73","77","78","107","83.2"
"80","Max Fried","NYY","SP","83","77","78","99","82","83.8"
"81","Raisel Iglesias","ATL","RP","62","79","80","68","135","84.8"
"82","Luis Robert Jr.","CWS","CF","104","67","86","76","94","85.4"
"83","Bryan Reynolds","PIT","LF,CF,RF,DH","91","83","92","88","77","86.2"
"84","Cody Bellinger","NYY","1B,CF,RF,DH","74","70","83","97","108","86.4"
"85","Mark Vientos","NYM","3B","87","84","84","87","92","86.8"
"86","Tyler Glasnow","LAD","SP","78","75","90","103","89","87.0"
"87","Logan Webb","SF","SP","79","89","96","101","72","87.4"
"88","Cal Raleigh","SEA","C","108","105","82","72","76","88.6"
"89","Seiya Suzuki","CHC","RF,DH","109","97","87","77","73","88.6"
"90","Bailey Ober","MIN","SP","97","101","94","86","71","89.8"
"91","Luis Castillo","SEA","SP","93","88","103","96","75","91.0"
"92","Spencer Schwellenbach","ATL","SP","89","96","91","93","90","91.8"
"93","Hunter Greene","CIN","SP","110","94","88","98","70","92.0"
"94","Junior Caminero","TB","3B","86","92","93","79","111","92.2"
"95","Mike Trout","LAA","CF","92","76","89","115","91","92.6"
"96","Matt McLain","CIN","2B,SS","76","99","99","85","124","96.6"
"97","Willson Contreras","STL","C,DH","117","98","85","71","119","98.0"
"98","Alex Bregman","BOS","3B","85","81","105","122","102","99.0"
"99","Riley Greene","DET","LF,CF,RF,DH","116","100","98","102","83","99.8"
"100","Tanner Bibee","CLE","SP","96","121","101","100","86","100.8"
"101","Roki Sasaki","LAD","SP","99","103","95","95","115","101.4"
"102","Felix Bautista","BAL","RP","77","102","107","75","147","101.6"
"103","Freddy Peralta","MIL","SP","100","114","110","107","81","102.4"
"104","Triston Casas","BOS","1B","118","93","111","112","80","102.8"
"105","Christian Yelich","MIL","LF,DH","119","91","104","106","96","103.2"
"106","Will Smith","LAD","C","123","118","97","90","109","107.4"
"107","Hunter Brown","HOU","SP","111","117","109","110","93","108.0"
"108","Royce Lewis","MIN","3B,DH","95","104","126","114","103","108.4"
"109","Andres Munoz","SEA","RP","84","106","102","82","170","108.8"
"110","Zac Gallen","ARI","SP","107","108","117","125","87","108.8"
"111","Vinnie Pasquantino","KC","1B,DH","114","112","116","108","99","109.8"
"112","Joe Ryan","MIN","SP","115","116","113","105","100","109.8"
"113","Jake Burger","TEX","1B,3B,DH","102","107","106","109","134","111.6"
"114","Sonny Gray","STL","SP","113","128","112","117","101","114.2"
"115","Brice Turang","MIL","2B","126","115","118","133","85","115.4"
"116","Bo Bichette","TOR","SS","103","95","114","127","142","116.2"
"117","Ian Happ","CHC","LF","133","126","123","121","79","116.4"
"118","Jhoan Duran","MIN","RP","88","111","115","94","175","116.6"
"119","Matt Chapman","SF","3B","132","123","131","126","88","120.0"
"120","Spencer Steer","CIN","1B,LF","129","146","100","119","106","120.0"
"121","Spencer Strider","ATL","SP","121","109","129","131","113","120.6"
"122","Shane McClanahan","TB","SP","125","124","125","123","112","121.8"
"123","Grayson Rodriguez","BAL","SP","128","140","121","124","98","122.2"
"124","Justin Steele","CHC","SP","124","110","124","132","123","122.6"
"125","Randy Arozarena","SEA","LF,CF","127","122","128","130","110","123.4"
"126","Robert Suarez","SD","RP","105","129","122","104","160","124.0"
"127","Adolis Garcia","TEX","RF,DH","120","137","108","137","121","124.6"
"128","Dylan Crews","WSH","RF","135","113","130","128","129","127.0"
"129","Ryan Walker","SF","RP","90","127","119","111","189","127.2"
"130","Luis Garcia","WSH","2B","146","120","127","116","131","128.0"
"131","Steven Kwan","CLE","LF","139","125","148","135","125","134.4"
"132","Jack Flaherty","DET","SP","147","132","134","142","120","135.0"
"133","Bryan Woo","SEA","SP","136","131","133","140","137","135.4"
"134","Jasson Dominguez","NYY","LF,CF","153","119","140","141","130","136.6"
"135","Ezequiel Tovar","COL","SS","134","155","141","120","136","137.2"
"136","Xavier Edwards","MIA","SS","112","133","132","143","167","137.4"
"137","Kodai Senga","NYM","SP","140","139","137","148","126","138.0"
"138","Carlos Rodon","NYY","SP","155","149","145","136","114","139.8"
"139","Jared Jones","PIT","SP","145","136","156","145","127","141.8"
"140","Shohei Ohtani (Pitcher)","LAD","SP","148","","","","138","143.0"
"141","Anthony Volpe","NYY","SS","156","171","135","139","117","143.6"
"142","Sandy Alcantara","MIA","SP","151","135","139","152","141","143.6"
"143","Pete Crow-Armstrong","CHC","CF","141","148","142","134","164","145.8"
"144","Brandon Nimmo","NYM","LF,CF","165","150","146","161","116","147.6"
"145","Eugenio Suarez","ARI","3B","142","160","147","156","133","147.6"
"146","Alec Bohm","PHI","1B,3B","137","144","158","164","149","150.4"
"147","Xander Bogaerts","SD","2B,SS","150","143","175","144","143","151.0"
"148","Seth Lugo","KC","SP","166","152","136","176","128","151.6"
"149","Nick Castellanos","PHI","RF","152","166","151","160","140","153.8"
"150","Reynaldo Lopez","ATL","SP","144","161","163","158","146","154.4"
"151","Shea Langeliers","ATH","C","159","151","120","113","230","154.6"
"152","Kevin Gausman","TOR","SP","163","168","150","163","132","155.2"
"153","Tanner Scott","LAD","RP","101","134","144","153","248","156.0"
"154","Colton Cowser","BAL","LF,CF,RF","167","162","159","151","148","157.4"
"155","Paul Goldschmidt","NYY","1B","162","165","155","162","151","159.0"
"156","Josh Lowe","TB","LF,CF,RF","177","154","154","150","169","160.8"
"157","J.T. Realmuto","PHI","C","161","130","143","129","242","161.0"
"158","Luis Arraez","SD","1B,2B,DH","138","141","182","168","193","164.4"
"159","Yusei Kikuchi","LAA","SP","181","179","168","155","139","164.4"
"160","Jurickson Profar","ATL","LF","170","159","161","187","145","164.4"
"161","Robbie Ray","SF","SP","154","176","176","154","166","165.2"
"162","Logan O'Hoppe","LAA","C","169","173","138","118","231","165.8"
"163","Lane Thomas","CLE","CF,RF","174","186","164","167","153","168.8"
"164","Nico Hoerner","CHC","2B,SS","158","169","149","190","180","169.2"
"165","Cristopher Sanchez","PHI","SP","175","167","172","181","162","171.4"
"166","Isaac Paredes","HOU","1B,3B","164","142","160","197","195","171.6"
"167","Tyler O'Neill","BAL","LF,RF","188","163","170","178","161","172.0"
"168","Alexis Diaz","CIN","RP","131","175","165","166","234","174.2"
"169","Trevor Megill","MIL","RP","130","147","162","170","268","175.4"
"170","Bryson Stott","PHI","2B,SS","172","183","157","159","209","176.0"
"171","Masyn Winn","STL","SS","184","174","190","149","185","176.4"
"172","Dansby Swanson","CHC","SS","185","180","192","172","158","177.4"
"173","Andres Gimenez","TOR","2B","197","194","177","165","155","177.6"
"174","Kerry Carpenter","DET","LF,RF,DH","187","156","188","184","174","177.8"
"175","Ryan Pepiot","TB","SP","194","188","181","169","165","179.4"
"176","Michael Toglia","COL","1B,RF","205","184","167","174","168","179.6"
"177","Jeff Hoffman","TOR","RP","122","138","153","191","300","180.8"
"178","Shane Baz","TB","SP","192","201","174","189","152","181.6"
"179","Luis Rengifo","LAA","2B,3B","216","182","171","146","204","183.8"
"180","Brandon Pfaadt","ARI","SP","182","214","189","185","157","185.4"
"181","Taylor Ward","LAA","LF","225","209","183","171","144","186.4"
"182","Zach Eflin","BAL","SP","179","195","195","193","176","187.6"
"183","Jackson Holliday","BAL","2B","191","170","213","210","159","188.6"
"184","Jeremy Pena","HOU","SS","202","207","203","157","178","189.4"
"185","Tommy Edman","LAD","SS,CF","193","187","204","177","191","190.4"
"186","Tyler Stephenson","CIN","C","210","204","152","138","256","192.0"
"187","Brandon Lowe","TB","1B,2B,DH","220","153","185","215","190","192.6"
"188","Spencer Arrighetti","HOU","SP","206","164","209","207","187","194.6"
"189","Nathan Eovaldi","TEX","SP","200","191","205","204","179","195.8"
"190","Yandy Diaz","TB","1B,DH","180","190","207","195","208","196.0"
"191","Francisco Alvarez","NYM","C","199","205","166","147","265","196.4"
"192","Zach Neto","LAA","SS","203","193","179","186","223","196.8"
"193","Nick Pivetta","SD","SP","195","199","215","199","184","198.4"
"194","Pete Fairbanks","TB","RP","149","181","191","180","293","198.8"
"195","Josh Jung","TEX","3B","213","197","184","203","200","199.4"
"196","Ceddanne Rafaela","BOS","2B,SS,CF","190","216","173","175","245","199.8"
"197","David Bednar","PIT","RP","160","189","194","179","279","200.2"
"198","Nolan Arenado","STL","3B","189","196","226","211","181","200.6"
"199","Cedric Mullins II","BAL","CF","231","178","197","206","192","200.8"
"200","Victor Robles","SEA","LF,CF,RF","228","172","199","192","214","201.0"
"201","Ronel Blanco","HOU","SP","215","192","196","243","163","201.8"
"202","Heliot Ramos","SF","LF,CF,RF","212","218","201","196","182","201.8"
"203","Lucas Erceg","KC","RP","176","248","187","173","227","202.2"
"204","Max Muncy","LAD","3B","196","220","208","235","154","202.6"
"205","Kirby Yates","LAD","RP","178","236","202","183","228","205.4"
"206","Jose Berrios","TOR","SP","209","226","212","234","150","206.2"
"207","Taj Bradley","TB","SP","227","223","227","198","156","206.2"
"208","MacKenzie Gore","WSH","SP","235","210","220","205","173","208.6"
"209","Alec Burleson","STL","1B,LF,RF,DH","229","212","186","218","198","208.6"
"210","Bowden Francis","TOR","SP,RP","214","198","216","233","188","209.8"
"211","Sean Manaea","NYM","SP","208","229","193","201","218","209.8"
"212","Tanner Houck","BOS","SP","207","224","225","221","177","210.8"
"213","Austin Wells","NYY","C","241","211","180","188","236","211.2"
"214","Byron Buxton","MIN","CF","253","145","219","222","222","212.2"
"215","Carlos Correa","MIN","SS","250","158","231","231","205","215.0"
"216","Gleyber Torres","DET","2B","204","247","243","214","171","215.8"
"217","Jordan Romano","PHI","RP","171","177","178","227","348","220.2"
"218","Lourdes Gurriel Jr.","ARI","LF","238","237","217","209","207","221.6"
"219","Kenley Jansen","LAA","RP","157","185","198","208","367","223.0"
"220","Jorge Soler","LAA","RF,DH","266","221","221","212","199","223.8"
"221","Luis Gil","NYY","SP","201","225","169","239","290","224.8"
"222","Jonathan India","KC","2B","257","215","234","246","172","224.8"
"223","Yu Darvish","SD","SP","223","219","244","228","211","225.0"
"224","Maikel Garcia","KC","2B,3B","282","239","224","202","183","226.0"
"225","Brandon Woodruff","MIL","SP","237","233","223","244","194","226.2"
"226","Gavin Williams","CLE","SP","234","217","239","237","219","229.2"
"227","Walker Buehler","BOS","SP","233","228","238","255","197","230.2"
"228","Nick Lodolo","CIN","SP","222","246","230","249","210","231.4"
"229","George Springer","TOR","RF,DH","255","240","240","238","186","231.8"
"230","Clarke Schmidt","NYY","SP","224","264","229","240","206","232.6"
"231","Parker Meadows","DET","CF","293","241","206","194","232","233.2"
"232","Matt Shaw","CHC","2B,3B,SS","221","200","235","245","266","233.4"
"233","Gabriel Moreno","ARI","C","272","238","214","182","274","236.0"
"234","Ryan Mountcastle","BAL","1B","232","232","237","226","260","237.4"
"235","Carlos Estevez","KC","RP","168","203","232","236","350","237.8"
"236","Justin Martinez","ARI","RP","173","213","242","229","334","238.2"
"237","Jackson Jobe","DET","SP,RP","242","202","248","268","240","240.0"
"238","Tyler Fitzgerald","SF","SS,CF","273","235","210","241","246","241.0"
"239","Colt Keith","DET","2B","244","282","250","242","203","244.2"
"240","Christian Encarnacion-Strand","CIN","1B","247","230","269","232","249","245.4"
"241","Ryan Pressly","CHC","RP","143","157","211","308","410","245.8"
"242","Zack Gelof","ATH","2B","292","227","246","213","257","247.0"
"243","Jesus Luzardo","PHI","SP","262","208","241","273","252","247.2"
"244","Nathaniel Lowe","WSH","1B","246","278","258","254","201","247.4"
"245","Rhys Hoskins","MIL","1B,DH","248","254","252","272","212","247.6"
"246","Connor Wong","BOS","C,1B","305","269","200","216","262","250.4"
"247","Jake McCarthy","ARI","LF,CF,RF","267","270","261","217","237","250.4"
"248","Ranger Suarez","PHI","SP","275","249","268","263","202","251.4"
"249","Kyle Finnegan","WSH","RP","186","231","228","286","328","251.8"
"250","Sean Murphy","ATL","C","271","283","218","220","269","252.2"
"251","Brendan Donovan","STL","2B,3B,LF","326","251","251","230","216","254.8"
"252","Clay Holmes","NYM","RP","226","206","233","288","326","255.8"
"253","Michael Busch","CHC","1B","301","261","256","248","213","255.8"
"254","Willi Castro","MIN","2B,3B,SS,LF,CF","264","297","260","219","247","257.4"
"255","Drew Rasmussen","TB","SP,RP","198","293","253","257","289","258.0"
"256","Jung Hoo Lee","SF","CF","290","243","276","225","263","259.4"
"257","TJ Friedl","CIN","LF,CF","309","245","247","252","244","259.4"
"258","Ben Joyce","LAA","RP","217","280","249","256","301","260.6"
"259","Nolan Jones","COL","LF","298","257","265","250","239","261.8"
"260","Trevor Story","BOS","SS","287","234","288","253","254","263.2"
"261","Michael Wacha","KC","SP","245","284","301","270","220","264.0"
"262","Evan Carter","TEX","LF,RF","350","222","277","269","215","266.6"
"263","Ryan Jeffers","MIN","C,DH","370","259","236","223","277","273.0"
"264","Ryan McMahon","COL","3B","330","252","286","274","226","273.6"
"265","Jesus Sanchez","MIA","LF,CF,RF","281","319","271","247","255","274.6"
"266","Garrett Mitchell","MIL","CF,RF","325","277","257","251","264","274.8"
"267","Matt Wallner","MIN","LF,RF","263","275","287","271","278","274.8"
"268","Jeffrey Springs","ATH","SP","320","271","294","258","235","275.6"
"269","JJ Bleday","ATH","CF","362","279","255","266","225","277.4"
"270","Christopher Morel","TB","2B,3B,LF,CF,RF,DH","319","263","295","260","251","277.6"
"271","Mitch Keller","PIT","SP","315","267","323","289","196","278.0"
"272","Nestor Cortes Jr.","MIL","SP","352","253","279","279","229","278.4"
"273","Roman Anthony","BOS","CF","312","265","262","282","276","279.4"
"274","Porter Hodge","CHC","RP","269","307","273","262","287","279.6"
"275","Ivan Herrera","STL","C","383","258","222","224","317","280.8"
"276","Connor Norby","MIA","2B,3B","342","260","292","267","253","282.8"
"277","Keibert Ruiz","WSH","C","401","288","254","200","275","283.6"
"278","A.J. Puk","ARI","SP,RP","218","272","297","280","352","283.8"
"279","Liam Hendriks","BOS","RP","211","266","290","276","379","284.4"
"280","Reese Olson","DET","SP","363","256","289","265","250","284.6"
"281","Jason Foley","DET","RP","236","250","272","312","368","287.6"
"282","Luke Weaver","NYY","RP","252","309","281","320","283","289.0"
"283","Michael Conforto","LAD","LF,DH","332","242","284","283","314","291.0"
"284","Jake Cronenworth","SD","1B,2B","339","315","312","275","217","291.6"
"285","Kristian Campbell","BOS","2B,SS,CF","280","262","305","296","315","291.6"
"286","Griffin Jax","MIN","RP","259","296","264","302","342","292.6"
"287","Max Scherzer","TOR","SP","256","244","275","329","366","294.0"
"288","Merrill Kelly","ARI","SP","329","281","334","291","243","295.6"
"289","Lars Nootbaar","STL","LF,CF,RF","406","295","266","261","258","297.2"
"290","Giancarlo Stanton","NYY","RF,DH","258","286","306","340","303","298.6"
"291","Joey Bart","PIT","C","349","276","274","259","335","298.6"
"292","Erick Fedde","STL","SP","353","313","309","305","224","300.8"
"293","Jordan Walker","STL","LF,RF","386","273","304","278","272","302.6"
"294","Kumar Rocker","TEX","SP","321","304","339","292","267","304.6"
"295","Chris Bassitt","TOR","SP","323","290","332","339","241","305.0"
"296","Aroldis Chapman","BOS","RP","230","287","308","315","389","305.8"
"297","Tobias Myers","MIL","SP","378","317","283","303","261","308.4"
"298","Tomoyuki Sugano","BAL","SP","296","340","259","334","337","313.2"
"299","Jose Caballero","TB","2B,3B,SS","289","308","384","293","297","314.2"
"300","Joey Ortiz","MIL","3B,SS","300","324","381","285","284","314.8"
"301","Jonah Heim","TEX","C","286","350","318","295","327","315.2"
"302","Jason Adam","SD","RP","243","302","293","365","387","318.0"
"303","Bubba Chandler","PIT","SP","348","335","333","300","282","319.6"
"304","Brandon Marsh","PHI","LF,CF","260","351","377","307","306","320.2"
"305","Brady Singer","CIN","SP","358","341","351","331","221","320.4"
"306","Luis Severino","ATH","SP","357","337","385","294","238","322.2"
"307","Tyler Soderstrom","ATH","1B","345","303","356","284","325","322.6"
"308","Brayan Bello","BOS","SP","374","346","355","316","233","324.8"
"309","Ha-Seong Kim","TB","SS","360","363","291","325","291","326.0"
"310","Nick Martinez","CIN","SP,RP","338","320","387","323","271","327.8"
"311","Alejandro Kirk","TOR","C","347","329","338","264","362","328.0"
"312","Jacob Young","WSH","CF","284","356","376","299","332","329.4"
"313","Grant Holmes","ATL","SP,RP","299","289","349","327","383","329.4"
"314","Andrew Vaughn","CWS","1B,DH","393","294","405","277","281","330.0"
"315","Jameson Taillon","CHC","SP","355","300","406","333","259","330.6"
"316","Calvin Faucher","MIA","RP","254","305","303","352","442","331.2"
"317","Thairo Estrada","COL","2B","351","299","353","314","341","331.6"
"318","Orion Kerkering","PHI","RP","249","342","357","330","390","333.6"
"319","Joc Pederson","TEX","LF,DH","367","274","411","324","292","333.6"
"320","Wilyer Abreu","BOS","LF,CF,RF","356","306","438","297","273","334.0"
"321","Jeimer Candelario","CIN","1B,3B,DH","385","312","373","298","305","334.6"
"322","Cody Bradford","TEX","SP","373","316","378","317","298","336.4"
"323","Luke Raley","SEA","1B,LF,CF,RF","405","311","364","290","321","338.2"
"324","Edwin Uceta","TB","RP","314","268","389","337","391","339.8"
"325","Nolan Gorman","STL","2B","336","382","310","359","312","339.8"
"326","Heston Kjerstad","BAL","LF,RF","265","344","412","326","353","340.0"
"327","Chris Martin","TEX","RP","183","255","340","360","570","341.6"
"328","Daulton Varsho","TOR","LF,CF","270","366","425","338","316","343.0"
"329","Jonathan Aranda","TB","1B,2B","364","333","350","318","354","343.8"
"330","Kutter Crawford","BOS","SP","400","336","420","306","270","346.4"
"331","Andrew Painter","PHI","SP","376","314","398","351","294","346.6"
"332","Justin Verlander","SF","SP","341","301","326","371","394","346.6"
"333","Matthew Boyd","CHC","SP","359","359","402","309","307","347.2"
"334","David Peterson","NYM","SP","387","339","367","346","302","348.2"
"335","Nolan Schanuel","LAA","1B","382","343","432","311","280","349.6"
"336","Luisangel Acuna","NYM","SS","279","354","317","391","409","350.0"
"337","David Festa","MIN","SP","390","357","400","304","308","351.8"
"338","Coby Mayo","BAL","3B","334","292","434","376","344","356.0"
"339","Dylan Moore","SEA","1B,2B,3B,SS,LF","344","318","422","342","371","359.4"
"340","Dustin May","LAD","SP","316","310","395","400","392","362.6"
"341","Charlie Morton","BAL","SP","337","322","401","416","338","362.8"
"342","Ryan Weathers","MIA","SP","392","345","397","348","360","368.4"
"343","Chad Green","TOR","RP","380","326","331","414","403","370.8"
"344","Kyle Manzardo","CLE","1B,DH","379","325","426","368","363","372.2"
"345","Jose Soriano","LAA","SP","388","377","414","335","347","372.2"
"346","Masataka Yoshida","BOS","LF,DH","285","380","404","431","372","374.4"
"347","Caleb Durbin","MIL","2B,3B,SS","346","323","417","405","404","379.0"
"348","Shane Bieber","CLE","SP","365","348","345","434","405","379.4"
"349","Blake Treinen","LAD","RP","327","381","437","402","424","394.2"
"350","Max Meyer","MIA","SP","402","352","382","423","484","408.6"
"351","Michael Kopech","LAD","RP","333","","263","322","313","307.8"
"352","Bryan Abreu","HOU","RP","328","291","300","809","413","428.2"
"353","Cade Smith","CLE","RP","304","298","307","387","","324.0"
"354","Jo Adell","LAA","RF","","330","403","281","309","330.8"
"355","Bo Naylor","CLE","C","","347","348","287","349","332.8"
"356","Noelvi Marte","CIN","3B","313","","360","349","318","335.0"
"357","Hyeseong Kim","LAD","2B,SS","310","","314","388","340","338.0"
"358","Josh Smith","TEX","3B,SS,OF","307","331","","367","351","339.0"
"359","Otto Lopez","MIA","2B,SS","331","","391","332","304","339.5"
"360","Spencer Torkelson","DET","1B","","372","325","385","285","341.8"
"361","David Hamilton","BOS","2B,SS","274","332","","379","401","346.5"
"362","Patrick Bailey","SF","C","","334","388","301","370","348.3"
"363","Ke'Bryan Hayes","PIT","3B","369","","316","357","355","349.3"
"364","Carlos Santana","CLE","1B","295","","428","354","324","350.3"
"365","DJ Herz","WSH","SP","395","","393","319","295","350.5"
"366","Eduardo Rodriguez","ARI","SP","","338","346","390","331","351.3"
"367","Bryan De La Cruz","ATL","LF,RF,DH","251","","352","426","377","351.5"
"368","Aaron Civale","MIL","SP","","368","369","383","286","351.5"
"369","Evan Phillips","LAD","RP","239","","298","452","421","352.5"
"370","Kyle Harrison","SF","SP","381","","396","364","288","357.3"
"371","Jeff McNeil","NYM","2B,LF,RF","317","361","","397","358","358.3"
"372","Starling Marte","NYM","RF","","285","375","393","381","358.5"
"373","Tyler Holton","DET","SP,RP","240","370","440","822","444","463.2"
"374","Danny Jansen","TB","C","","373","354","310","415","363.0"
"375","Gavin Lux","CIN","2B","","378","427","344","310","364.8"
"376","Jacob Wilson","ATH","SS","","376","336","345","407","366.0"
"377","Trevor Larnach","MIN","LF,RF,DH","","355","429","336","357","369.3"
"378","Jordan Lawlar","ARI","3B,SS","343","","410","350","374","369.3"
"379","Camilo Doval","SF","RP","361","","319","382","419","370.3"
"380","Lucas Giolito","BOS","SP","391","","390","374","329","371.0"
"381","Josh Bell","WSH","1B,DH","371","","418","343","364","374.0"
"382","Deyvison De Los Santos","MIA","1B,3B","268","","362","422","458","377.5"
"383","Jhonkensy Noel","CLE","RF","404","","383","369","399","388.8"
"384","Jake Fraley","CIN","LF,RF","","362","394","396","417","392.3"
"385","Seth Halvorsen","COL","RP","340","","368","403","492","400.8"
"386","Tony Gonsolin","LAD","SP","397","","435","411","408","412.8"
"387","Jorge Lopez","WSH","RP","294","","299","436","647","419.0"
"388","Jose Siri","NYM","CF","","360","433","455","430","419.5"
"389","Jeremiah Estrada","SD","RP","366","","409","446","475","424.0"
"390","Michael Soroka","WSH","SP,RP","403","374","379","1013","540","541.8"
"391","Casey Mize","DET","SP","","379","423","454","478","433.5"
"392","Justin Slaten","BOS","RP","389","","442","433","520","446.0"
"393","Eury Perez","MIA","SP","398","","363","689","428","469.5"
"394","Matt Vierling","DET","3B,LF,CF,RF","","","424","321","299","348.0"
"395","Bobby Miller","LAD","SP","","","361","375","311","349.0"
"396","Zack Littell","TB","SP","","","327","395","330","350.7"
"397","Rhett Lowder","CIN","SP","278","","","453","322","351.0"
"398","Reid Detmers","LAA","SP","","","343","373","339","351.7"
"399","Jordan Montgomery","ARI","SP","","","302","419","361","360.7"
"400","Spencer Horwitz","PIT","1B,2B","","","436","328","323","362.3"
"401","Jose Miranda","MIN","1B,3B,DH","","358","","355","376","363.0"
"402","Frankie Montas","NYM","SP","","","413","370","319","367.3"
"403","Luis Campusano","SD","C","","","270","384","450","368.0"
"404","Travis d'Arnaud","LAA","C","","","278","392","435","368.3"
"405","Luis L. Ortiz","CLE","SP,RP","288","","441","377","","368.7"
"406","Dean Kremer","BAL","SP","","367","","413","333","371.0"
"407","Clayton Kershaw","LAD","SP","318","","311","1068","485","545.5"
"408","Dalton Rushing","LAD","C,LF","","","337","407","400","381.3"
"409","Edward Cabrera","MIA","SP","","","416","394","336","382.0"
"410","Kris Bubic","KC","RP","","369","","358","427","384.7"
"411","Kyle Higashioka","TEX","C","","321","","372","465","386.0"
"412","Chase DeLauter","CLE","CF,RF","","","321","412","425","386.0"
"413","Matt Strahm","PHI","RP","297","","421","967","441","531.5"
"414","MJ Melendez","KC","LF","","","315","404","440","386.3"
"415","Esteury Ruiz","ATH","LF,CF","","328","324","1047","509","552.0"
"416","David Robertson","","RP","377","","358","713","591","509.8"
"417","Zebby Matthews","MIN","SP","335","","","421","437","397.7"
"418","Geraldo Perdomo","ARI","SS","303","","","440","469","404.0"
"419","Miguel Amaya","CHC","C","","","408","356","448","404.0"
"420","Brooks Lee","MIN","2B,3B,SS","396","","","398","420","404.7"
"421","Quinn Mathews","STL","SP","","","344","410","466","406.7"
"422","Mitch Garver","SEA","C,DH","","","330","450","459","413.0"
"423","Chas McCormick","HOU","LF,CF,RF","","","342","427","476","415.0"
"424","Max Kepler","PHI","RF","","","415","386","452","417.7"
"425","Jesse Winker","NYM","LF,RF,DH","","","443","408","402","417.7"
"426","Mike Yastrzemski","SF","CF,RF","","353","","439","467","419.7"
"427","Jose Alvarado","PHI","RP","308","","329","1265","630","633.0"
"428","Victor Scott","STL","CF","","","392","406","483","427.0"
"429","Drake Baldwin","ATL","C","","364","335","936","590","556.3"
"430","Tylor Megill","NYM","SP","","","431","432","426","429.7"
"431","David Fry","CLE","C,1B,LF,RF,DH","384","","","472","443","433.0"
"432","Kris Bryant","COL","1B,RF","","371","419","1092","510","598.0"
"433","Joel Payamps","MIL","RP","394","","374","1044","583","598.8"
"434","Jesus Tinoco","MIA","RP","354","","","445","559","452.7"
"435","Will Warren","NYY","SP","375","375","","1048","686","621.0"
"436","Cam Smith","HOU","3B","368","327","","866","763","581.0"
"437","Ryne Nelson","ARI","SP","","","","362","296","329.0"
"438","Andrew Abbott","CIN","SP","","","359","880","345","528.0"
"439","Hunter Goodman","COL","C,LF,RF","","","","313","395","354.0"
"440","Ryan O'Hearn","BAL","1B,LF,RF,DH","","","","341","369","355.0"
"441","Andy Pages","LAD","CF,RF","","","","366","365","365.5"
"442","Jon Gray","TEX","SP","322","","","894","414","543.3"
"443","Michael Massey","KC","2B","","","","363","373","368.0"
"444","Nick Gonzales","PIT","2B,SS","","","","399","343","371.0"
"445","Jake Irvin","WSH","SP","","","","428","320","374.0"
"446","Isiah Kiner-Falefa","PIT","2B,3B,SS","","","","353","398","375.5"
"447","Andrew Benintendi","CWS","LF","","","","380","375","377.5"
"448","Hayden Birdsong","SF","SP","","","","401","356","378.5"
"449","Jonny DeLuca","TB","LF,CF,RF","","","","347","412","379.5"
"450","Sal Frelick","MIL","LF,CF,RF","","","","389","380","384.5"
"451","Henry Davis","PIT","C","","","285","1018","503","602.0"
"452","Sean Burke","CWS","SP","","","","409","384","396.5"
"453","Jarred Kelenic","ATL","LF,CF,RF","","","370","841","457","556.0"
"454","Ernie Clement","TOR","3B,SS","","","","381","418","399.5"
"455","Freddy Fermin","KC","C,DH","","","","361","439","400.0"
"456","Jorge Polanco","SEA","2B","","","","424","378","401.0"
"457","Pavin Smith","ARI","1B,LF,RF","","","","378","431","404.5"
"458","Marcus Stroman","NYY","SP","","","341","1236","472","683.0"
"459","Edouard Julien","MIN","2B","","","365","1167","453","661.7"
"460","JP Sears","ATH","SP","","","","464","359","411.5"
"461","Justin Turner","CHC","1B,DH","","","328","1084","502","638.0"
"462","Michael McGreevy","STL","SP","","","371","854","474","566.3"
"463","Luis Garcia","HOU","SP","","","","448","382","415.0"
"464","Ben Brown","CHC","SP,RP","","","","420","411","415.5"
"465","J.P. Crawford","SEA","SS","","","","417","416","416.5"
"466","Triston McKenzie","CLE","SP","","","322","1116","513","650.3"
"467","Alex Vesia","LAD","RP","283","","","1225","555","687.7"
"468","James Outman","LAD","CF","","","245","1177","598","673.3"
"469","Tyler Mahle","TEX","SP","","","","437","406","421.5"
"470","Paul Sewald","CLE","RP","","","280","1039","565","628.0"
"471","Endy Rodriguez","PIT","C","","","","415","434","424.5"
"472","Jordan Hicks","SF","SP,RP","","","407","869","449","575.0"
"473","Enrique Hernandez","LAD","1B,2B,3B,SS,LF,CF","219","","","1259","638","705.3"
"474","J.D. Martinez","","DH","","","399","1264","461","708.0"
"475","Amed Rosario","WSH","2B,3B,SS,RF,DH","277","","","1155","589","673.7"
"476","Jonah Bride","MIA","1B,3B","","","","430","438","434.0"
"477","Leody Taveras","TEX","CF","","","","438","432","435.0"
"478","Orlando Arcia","ATL","SS","","","","429","446","437.5"
"479","Jose Tena","WSH","2B,3B","","","","425","455","440.0"
"480","Mauricio Dubon","HOU","1B,2B,3B,LF,CF,RF","302","","","939","579","606.7"
"481","Beau Brieske","DET","SP,RP","276","","","952","606","611.3"
"482","Edmundo Sosa","PHI","2B,3B,SS","261","","","1128","622","670.3"
"483","Joey Cantillo","CLE","SP","","","","449","436","442.5"
"484","Adbert Alzolay","NYM","RP","","","313","574","","443.5"
"485","Eloy Jimenez","TB","RF,DH","","","386","1248","501","711.7"
"486","Yoan Moncada","LAA","3B","","349","","1011","544","634.7"
"487","Miguel Vargas","CWS","3B,LF","","","","418","480","449.0"
"488","Tommy Pham","PIT","LF,CF,RF","","365","","977","534","625.3"
"489","Yennier Cano","BAL","RP","311","","","1197","595","701.0"
"490","LaMonte Wade Jr.","SF","1B,RF","","","","442","468","455.0"
"491","Brayan Rocchio","CLE","SS","","","","441","473","457.0"
"492","Samuel Basallo","BAL","C,1B","","","347","1212","573","710.7"
"493","Elias Diaz","SD","C","","","296","1083","632","670.3"
"494","Craig Kimbrel","","RP","","","267","1168","665","700.0"
"495","Oswaldo Cabrera","NYY","1B,2B,3B","","","380","1229","557","722.0"
"496","Adrian Del Castillo","ARI","C","","","","451","486","468.5"
"497","Yimi Garcia","TOR","RP","324","","","983","619","642.0"
"498","Seth Brown","ATH","1B,LF,RF","","","","457","487","472.0"
"499","Landen Roupp","SF","SP,RP","399","","","1090","550","679.7"
"500","Robert Garcia","TEX","RP","306","","","1022","645","657.7"
"501","Jordan Beck","COL","LF,RF","","","","443","512","477.5"
"502","Agustin Ramirez","MIA","C,1B","","","","435","521","478.0"
"503","Lenyn Sosa","CWS","2B,3B","","","","456","511","483.5"
"504","Hayden Wesneski","HOU","SP,RP","","","","444","527","485.5"
"505","Brandon Drury","CWS","1B,2B,3B","","","366","1189","611","722.0"
"506","Austin Hays","CIN","LF","","","","447","531","489.0"
"507","Hunter Gaddis","CLE","RP","","","430","1223","584","745.7"
"508","Jose Leclerc","ATH","RP","","","320","1243","711","758.0"
"509","Andrew Kittredge","BAL","RP","","","372","1171","678","740.3"
"510","Cristian Javier","HOU","SP","","","282","1030","776","696.0"
"511","Tyler Kinley","COL","RP","372","","","1141","705","739.3"
"512","Gavin Stone","LAD","SP","","","","470","614","542.0"
"513","Jerar Encarnacion","SF","RF","","","439","985","662","695.3"
"514","Tommy Kahnle","DET","RP","291","","","1050","827","722.7"
"515","Andrew Heaney","PIT","SP","","","","779","397","588.0"
"516","Jake Meyers","HOU","CF","","","","768","479","623.5"
"517","Tyler Anderson","LAA","SP","","","","956","385","670.5"
"518","Brendan Rodgers","HOU","2B","","","","1052","386","719.0"
"519","Marc Church","TEX","RP","407","","","934","850","730.3"
"520","Andre Pallante","STL","SP,RP","","","","986","393","689.5"
"521","Mitchell Parker","WSH","SP","","","","959","396","677.5"
"522","Jose Quintana","MIL","SP","","","","996","422","709.0"
"523","Ben Lively","CLE","SP","","","","1061","423","742.0"
"524","Vaughn Grissom","BOS","2B","","","","1009","429","719.0"
"525","Alex Verdugo","","LF,RF","","","","965","433","699.0"
"526","Osvaldo Bido","ATH","SP,RP","","","","845","463","654.0"
"527","Miles Mikolas","STL","SP","","","","1209","445","827.0"
"528","Nick Yorke","PIT","2B","","","","954","447","700.5"
"529","AJ Smith-Shawver","ATL","SP","","","","973","451","712.0"
"530","Cade Povich","BAL","SP","","","","899","456","677.5"
"531","Alec Marsh","KC","SP","","","","1097","460","778.5"
"532","Alex Cobb","DET","SP","","","","995","462","728.5"
"533","Richie Palacios","TB","2B,LF,CF,RF","","","","1004","464","734.0"
"534","John Schreiber","KC","RP","","","","469","881","675.0"
"535","Javier Assad","CHC","SP","","","","1237","470","853.5"
"536","Trey Sweeney","DET","SS","","","","964","471","717.5"
"537","Jesus Made","MIL","3B,SS","","","","473","972","722.5"
"538","Kyle Gibson","","SP","","","","1253","477","865.0"
"539","Jace Jung","DET","3B","","","","897","481","689.0"
"540","Lance Lynn","","SP","","","","1230","482","856.0"
"541","Jordyn Adams","BAL","CF,RF","","","","482","998","740.0"
"542","Yariel Rodriguez","TOR","SP","","","","1012","488","750.0"
"543","Andrew McCutchen","PIT","RF,DH","","","","1183","489","836.0"
"544","Jake Rogers","DET","C","","","","915","490","702.5"
"545","Landon Knack","LAD","SP","","","","1115","491","803.0"
"546","Keegan Thompson","CHC","RP","","","","529","831","680.0"
"547","Christian Scott","NYM","SP","","","","492","996","744.0"
"548","Colby Thomas","ATH","LF,RF","","","","950","493","721.5"
"549","Juan Yepez","WSH","1B","","","","1113","494","803.5"
"550","Simeon Woods Richardson","MIN","SP","","","","1071","495","783.0"
"551","Griffin Canning","NYM","SP","","","","1181","496","838.5"
"552","Harrison Bader","MIN","CF","","","","993","497","745.0"
"553","Ryan Feltner","COL","SP","","","","1247","498","872.5"
"554","Kyle Stowers","MIA","LF,CF,RF","","","","1046","499","772.5"
"555","Austin Gomber","COL","SP","","","","871","500","685.5"
"556","Christian Moore","LAA","2B","","","","974","504","739.0"
"557","Michael Lorenzen","KC","SP,RP","","","","1180","505","842.5"
"558","Noah Schultz","CWS","SP","","","","1040","506","773.0"
"559","Will Wagner","TOR","2B","","","","1029","507","768.0"
"560","Aaron Ashby","MIL","RP","","","","889","508","698.5"
"561","Patrick Corbin","","SP","","","","710","668","689.0"
"562","Wenceel Perez","DET","CF,RF","","","","1073","514","793.5"
"563","Jacob Misiorowski","MIL","SP,RP","","","","1132","515","823.5"
"564","Ronny Mauricio","NYM","2B","","","","1027","516","771.5"
"565","Matt Waldron","SD","SP","","","","1234","517","875.5"
"566","Kyle Teel","CWS","C","","","","1088","519","803.5"
"567","Paul DeJong","WSH","3B,SS","","","","901","522","711.5"
"568","Mike Tauchman","CWS","LF,CF,RF,DH","","","","904","523","713.5"
"569","Shinnosuke Ogasawara","WSH","SP","","","","1112","524","818.0"
"570","Josh Rojas","CWS","2B,3B","","","","1093","525","809.0"
"571","Trevor Williams","WSH","SP","","","","1056","526","791.0"
"572","Joey Loperfido","TOR","LF,CF,RF","","","","1101","528","814.5"
"573","Jared Triolo","PIT","2B,3B,SS","","","","1221","529","875.0"
"574","Hunter Renfroe","KC","RF","","","","1124","530","827.0"
"575","Edgar Quero","CWS","C","","","","885","532","708.5"
"576","Jack Leiter","TEX","SP,RP","","","","1053","533","793.0"
"577","Tyler Gilbert","CWS","RP","","","","534","944","739.0"
"578","Blake Perkins","MIL","LF,CF,RF","","","","1077","535","806.0"
"579","Ben Rice","NYY","1B","","","","1036","536","786.0"
"580","Colin Rea","CHC","SP,RP","","","","1232","537","884.5"
"581","Tyler Black","MIL","1B,DH","","","","1089","538","813.5"
"582","Jonathan Cannon","CWS","SP","","","","1191","539","865.0"
"583","Alek Thomas","ARI","CF","","","","1063","541","802.0"
"584","DL Hall","MIL","SP,RP","","","","1137","542","839.5"
"585","Will Benson","CIN","LF,CF,RF","","","","1193","543","868.0"
"586","Brandon Sproat","NYM","SP","","","","1103","545","824.0"
"587","Chris Paddack","MIN","SP","","","","1204","546","875.0"
"588","Thomas Saggese","STL","2B","","","","1224","547","885.5"
"589","Ty France","MIN","1B","","","","1026","548","787.0"
"590","Brett Baty","NYM","3B","","","","1082","549","815.5"
"591","Mitch Spence","ATH","SP,RP","","","","1238","551","894.5"
"592","Emmanuel Rodriguez","MIN","CF","","","","1099","552","825.5"
"593","Korey Lee","CWS","C","","","","1150","553","851.5"
"594","Mickey Moniak","LAA","CF,RF","","","","1220","554","887.0"
"595","Nick Kurtz","ATH","1B","","","","1034","556","795.0"
"596","Kyle Isbel","KC","CF","","","","1064","558","811.0"
"597","Drew Thorpe","CWS","SP","","","","1135","560","847.5"
"598","Brant Hurter","DET","RP","","","","1075","561","818.0"
"599","Orelvis Martinez","TOR","2B,3B","","","","1152","562","857.0"
"600","Johan Rojas","PHI","CF","","","","1098","563","830.5"
"601","Adael Amador","COL","2B","","","","1174","564","869.0"
"602","Anthony Rizzo","","1B","","","","1134","566","850.0"
"603","Trevor Rogers","BAL","SP","","","","1133","567","850.0"
"604","Kyle Freeland","COL","SP","","","","876","568","722.0"
"605","German Marquez","COL","SP","","","","1206","569","887.5"
"606","Zach Agnos","COL","RP","","","","569","992","780.5"
"607","Jose Butto","NYM","SP,RP","","","","1241","571","906.0"
"608","Garrett Whitlock","BOS","SP","","","","1231","572","901.5"
"609","Cade Cavalli","WSH","SP","","","","1249","574","911.5"
"610","Victor Caratini","HOU","C,1B","","","","1091","575","833.0"
"611","Cal Quantrill","MIA","SP","","","","997","576","786.5"
"612","Colson Montgomery","CWS","SS","","","","1028","577","802.5"
"613","Owen Caissie","CHC","LF,CF,RF","","","","1102","578","840.0"
"614","Tayler Scott","HOU","RP","","","","629","818","723.5"
"615","Chris Flexen","CHC","SP,RP","","","","680","767","723.5"
"616","John Means","CLE","SP","","","","579","977","778.0"
"617","Jacob Stallings","COL","C","","","","933","580","756.5"
"618","Gio Urshela","ATH","1B,3B","","","","1021","581","801.0"
"619","Bailey Falter","PIT","SP","","","","1178","582","880.0"
"620","Caden Dana","LAA","SP","","","","1188","585","886.5"
"621","Zach Dezenzo","HOU","1B","","","","1079","586","832.5"
"622","Marcelo Mayer","BOS","SS","","","","1222","587","904.5"
"623","Ramon Laureano","BAL","LF,CF,RF","","","","1156","588","872.0"
"624","Chase Dollander","COL","SP","","","","1261","592","926.5"
"625","Ian Anderson","ATL","SP","","","","1228","593","910.5"
"626","Eli Morgan","CHC","RP","","","","593","869","731.0"
"627","Max Schuemann","ATH","2B,3B,SS,OF","","","","1142","594","868.0"
"628","Seranthony Dominguez","BAL","RP","","","","1256","596","926.0"
"629","Carson Williams","TB","SS","","","","1153","597","875.0"
"630","Lance McCullers Jr.","HOU","SP","","","","1266","599","932.5"
"631","Bryce Eldridge","SF","1B","","","","1161","600","880.5"
"632","Martin Perez","CWS","SP","","","","1158","601","879.5"
"633","Gary Sanchez","BAL","C,DH","","","","1085","602","843.5"
"634","Brady House","WSH","3B","","","","1096","603","849.5"
"635","Juan Brito","CLE","1B,2B,3B,SS,RF","","","","1125","604","864.5"
"636","Thomas Harrington","PIT","SP","","","","1213","605","909.0"
"637","Michael Siani","STL","CF","","","","1217","607","912.0"
"638","Kyle Wright","KC","SP","","","","1186","608","897.0"
"639","Jonatan Clase","TOR","LF,CF","","","","1148","609","878.5"
"640","Leodalis De Vries","SD","SS","","","","609","947","778.0"
"641","Addison Barger","TOR","3B,LF,RF","","","","1190","610","900.0"
"642","Billy Cook","PIT","1B,CF,RF","","","","1154","612","883.0"
"643","Bryan Ramos","CWS","3B","","","","1130","613","871.5"
"644","Jorge Mateo","BAL","2B","","","","1129","615","872.0"
"645","Pedro Pages","STL","C","","","","1175","616","895.5"
"646","Adrian Morejon","SD","RP","","","","1159","617","888.0"
"647","Joey Estes","ATH","SP","","","","1069","618","843.5"
"648","Spencer Turnbull","","SP,RP","","","","1192","620","906.0"
"649","Travis Bazzana","CLE","2B","","","","1195","621","908.0"
"650","Kevin Ginkel","ARI","RP","","","","1254","623","938.5"
"651","DJ LeMahieu","NYY","1B,3B","","","","1200","624","912.0"
"652","Shay Whitcomb","HOU","3B","","","","1140","625","882.5"
"653","Curtis Mead","TB","2B,3B","","","","1058","626","842.0"
"654","Davis Schneider","TOR","2B,LF","","","","1216","627","921.5"
"655","Santiago Espinal","CIN","2B,3B","","","","1203","628","915.5"
"656","Troy Taylor","SEA","RP","","","","664","833","748.5"
"657","Kyle Bradish","BAL","SP","","","","1269","629","949.0"
"658","Carson Kelly","CHC","C","","","","1070","633","851.5"
"659","Tyler Rogers","SF","RP","","","","821","681","751.0"
"660","Kyle Farmer","COL","2B,3B,SS","","","","1179","635","907.0"
"661","Sam Hilliard","COL","LF,CF,RF","","","","1172","636","904.0"
"662","Cole Sands","MIN","RP","","","","1240","637","938.5"
"663","Mark Leiter Jr.","NYY","RP","","","","761","745","753.0"
"664","Dustin Harris","TEX","3B,LF,CF,DH","","","","808","699","753.5"
"665","Keider Montero","DET","SP","","","","1100","639","869.5"
"666","Cade Horton","CHC","SP","","","","1246","640","943.0"
"667","Jose Iglesias","SD","2B,3B","","","","1111","641","876.0"
"668","Nate Pearson","CHC","RP","","","","1196","642","919.0"
"669","Moises Ballesteros","CHC","C","","","","1136","643","889.5"
"670","Joey Meneses","NYM","1B,DH","","","","669","843","756.0"
"671","Drew Romo","COL","C","","","","1144","644","894.0"
"672","Romy Gonzalez","BOS","1B,2B,3B,SS","","","","1194","646","920.0"
"673","Joe Jimenez","ATL","RP","","","","785","731","758.0"
"674","Matt Brash","SEA","RP","","","","1251","648","949.5"
"675","Jakob Junis","CLE","SP,RP","","","","1252","649","950.5"
"676","Davis Martin","CWS","SP","","","","1214","650","932.0"
"677","Matt Thaiss","CWS","C","","","","650","885","767.5"
"678","Chandler Simpson","TB","LF,CF","","","","937","651","794.0"
"679","Hunter Harvey","KC","RP","","","","1139","652","895.5"
"680","Mason Montgomery","TB","RP","","","","1211","653","932.0"
"681","Joe Boyle","TB","SP","","","","1267","654","960.5"
"682","Gavin Sheets","SD","1B,RF,DH","","","","1074","655","864.5"
"683","Zach McKinstry","DET","2B,3B,SS,LF,RF","","","","1263","656","959.5"
"684","Abraham Toro","BOS","2B,3B","","","","656","919","787.5"
"685","Prelander Berroa","CWS","RP","","","","1107","657","882.0"
"686","Randal Grichuk","ARI","LF,RF,DH","","","","1170","658","914.0"
"687","Jacob Melton","HOU","CF,RF","","","","1163","659","911.0"
"688","Mark Canha","MIL","1B,LF,RF,DH","","","","1257","660","958.5"
"689","Josh Sborz","TEX","RP","","","","739","790","764.5"
"690","Kyle Hendricks","LAA","SP,RP","","","","1042","661","851.5"
"691","Mitch Haniger","SEA","RF,DH","","","","1255","663","959.0"
"692","Justyn-Henry Malloy","DET","LF,DH","","","","1157","664","910.5"
"693","Ezequiel Duran","TEX","1B,3B,SS,LF","","","","1199","666","932.5"
"694","Griffin Conine","MIA","LF,RF","","","","1185","667","926.0"
"695","JJ Wetherholt","STL","SS","","","","818","718","768.0"
"696","Marco Luciano","SF","2B,SS","","","","1031","669","850.0"
"697","Miguel Rojas","LAD","2B,3B,SS","","","","1062","670","866.0"
"698","Paul Blackburn","NYM","SP","","","","1260","671","965.5"
"699","Emerson Hancock","SEA","SP","","","","1109","672","890.5"
"700","Matt Manning","DET","SP","","","","1003","673","838.0"
"701","Steven Matz","STL","SP,RP","","","","1233","674","953.5"
"702","Zac Veen","COL","LF,RF","","","","1235","675","955.0"
"703","Travis Sykora","WSH","SP","","","","675","963","819.0"
"704","Tyrone Taylor","NYM","LF,CF,RF","","","","1205","676","940.5"
"705","Abner Uribe","MIL","RP","","","","1250","677","963.5"
"706","Adam Duvall","","LF,CF,RF","","","","678","915","796.5"
"707","Alex Call","WSH","LF,CF,RF","","","","1006","679","842.5"
"708","Richard Fitts","BOS","SP","","","","1208","680","944.0"
"709","Nick Fortes","MIA","C","","","","1244","682","963.0"
"710","Niko Kavadas","LAA","1B,DH","","","","682","980","831.0"
"711","Tyler Locklear","SEA","1B","","","","1095","683","889.0"
"712","Jack Kochanowicz","LAA","SP","","","","1024","684","854.0"
"713","Grant Taylor","CWS","SP,RP","","","","684","985","834.5"
"714","Dairon Blanco","KC","LF,CF,RF","","","","1215","685","950.0"
"715","Anthony Rendon","LAA","3B","","","","980","687","833.5"
"716","Valente Bellozo","MIA","SP","","","","826","730","778.0"
"717","Rece Hinds","CIN","RF","","","","1002","688","845.0"
"718","Trey Lipscomb","WSH","3B","","","","831","727","779.0"
"719","Tirso Ornelas","SD","LF","","","","1120","690","905.0"
"720","Ryan Bliss","SEA","2B","","","","1147","691","919.0"
"721","Jhony Brito","SD","RP","","","","691","879","785.0"
"722","Rob Refsnyder","BOS","LF,CF,RF","","","","990","692","841.0"
"723","Christian Vazquez","MIN","C","","","","1262","693","977.5"
"724","Scott Kingery","LAA","2B,SS","","","","1114","694","904.0"
"725","Ramon Urias","BAL","3B","","","","1166","695","930.5"
"726","Derek Law","WSH","RP","","","","1121","696","908.5"
"727","Leo Jimenez","TOR","2B,SS","","","","726","839","782.5"
"728","Kevin Newman","LAA","1B,2B,SS","","","","1169","697","933.0"
"729","Jack Suwinski","PIT","LF,CF,RF","","","","1207","698","952.5"
"730","Joe Musgrove","SD","SP","","","","698","970","834.0"
"731","Chase Meidroth","CWS","2B,3B,SS","","","","1146","700","923.0"
"732","Garrett Cleavinger","TB","RP","","","","942","701","821.5"
"733","Yilber Diaz","ARI","SP","","","","1138","702","920.0"
"734","Casey Schmitt","SF","2B,3B,SS","","","","879","703","791.0"
"735","Kyle Hart","SD","SP","","","","1051","704","877.5"
"736","Tony Santillan","CIN","RP","","","","1110","706","908.0"
"737","Hurston Waldrep","ATL","SP","","","","1245","707","976.0"
"738","Hunter Bigge","TB","RP","","","","1268","708","988.0"
"739","Jose A. Ferrer","WSH","RP","","","","1122","709","915.5"
"740","Keegan Akin","BAL","RP","","","","1176","710","943.0"
"741","Tristan Beck","SF","SP,RP","","","","748","832","790.0"
"742","Victor Vodnik","COL","RP","","","","1104","712","908.0"
"743","Will Brennan","CLE","LF,CF,RF","","","","1242","713","977.5"
"744","Walker Jenkins","MIN","CF","","","","890","714","802.0"
"745","Whit Merrifield","","2B,3B,LF","","","","994","715","854.5"
"746","Manuel Margot","MIL","LF,CF,RF","","","","715","871","793.0"
"747","Jon Singleton","HOU","1B","","","","969","716","842.5"
"748","Wilmer Flores","SF","1B","","","","1127","717","922.0"
"749","Jose Trevino","CIN","C","","","","1202","719","960.5"
"750","Chase Burns","CIN","SP","","","","1182","720","951.0"
"751","A.J. Minter","NYM","RP","","","","1198","721","959.5"
"752","Kevin Kelly","TB","RP","","","","796","794","795.0"
"753","Logan Henderson","MIL","SP","","","","1201","722","961.5"
"754","Bobby Dalbec","CWS","1B,3B","","","","722","991","856.5"
"755","Dillon Dingler","DET","C","","","","1184","723","953.5"
"756","Tink Hence","STL","SP","","","","1219","724","971.5"
"757","Matt Mervis","MIA","1B,DH","","","","1080","725","902.5"
"758","Aaron Schunk","COL","2B,3B","","","","816","778","797.0"
"759","Chase Silseth","LAA","SP","","","","1055","726","890.5"
"760","Connor Joe","SD","1B,LF,RF","","","","1086","728","907.0"
"761","Johnathan Rodriguez","CLE","RF","","","","1173","729","951.0"
"762","Taylor Rogers","CIN","RP","","","","1016","732","874.0"
"763","Wander Franco","TB","SS","","","","732","935","833.5"
"764","Donovan Solano","SEA","1B,3B,DH","","","","1162","733","947.5"
"765","Tim Herrin","CLE","RP","","","","733","903","818.0"
"766","Gregory Santos","SEA","RP","","","","1072","734","903.0"
"767","Bryce Elder","ATL","SP","","","","852","751","801.5"
"768","Austin Barnes","LAD","C","","","","835","768","801.5"
"769","Brooks Baldwin","CWS","2B,SS","","","","1143","735","939.0"
"770","Alan Roden","TOR","LF,RF","","","","1131","736","933.5"
"771","Quinn Priester","BOS","SP,RP","","","","1081","737","909.0"
"772","Wade Meckler","SF","CF","","","","737","908","822.5"
"773","Justin Anderson","CWS","RP","","","","1087","738","912.5"
"774","JoJo Romero","STL","RP","","","","918","739","828.5"
"775","Pierce Johnson","ATL","RP","","","","1165","740","952.5"
"776","Miguel Andujar","ATH","LF","","","","1187","741","964.0"
"777","Dennis Santana","PIT","RP","","","","1239","742","990.5"
"778","Brusdar Graterol","LAD","RP","","","","806","805","805.5"
"779","Austin Shenton","SEA","1B","","","","743","917","830.0"
"780","Reed Garrett","NYM","RP","","","","923","744","833.5"
"781","Taijuan Walker","PHI","SP","","","","769","844","806.5"
"782","Dane Dunning","TEX","SP,RP","","","","908","746","827.0"
"783","Michael Grove","LAD","RP","","","","789","826","807.5"
"784","Darell Hernaiz","ATH","3B,SS","","","","912","747","829.5"
"785","Chris Taylor","LAD","2B,3B,LF","","","","1017","748","882.5"
"786","Matthew Liberatore","STL","SP,RP","","","","1119","749","934.0"
"787","Johan Oviedo","PIT","SP","","","","991","750","870.5"
"788","Jake Bauers","MIL","1B,LF,RF","","","","970","752","861.0"
"789","Nacho Alvarez Jr.","ATL","2B","","","","929","753","841.0"
"790","Austin Martin","MIN","2B,LF,CF","","","","856","766","811.0"
"791","Spencer Jones","NYY","CF","","","","930","754","842.0"
"792","Derek Hill","MIA","LF,CF","","","","1054","756","905.0"
"793","Sebastian Walcott","TEX","3B,SS","","","","756","999","877.5"
"794","Alek Manoah","TOR","SP","","","","811","814","812.5"
"795","Yuki Matsui","SD","RP","","","","1065","757","911.0"
"796","Ethan Salas","SD","C","","","","757","975","866.0"
"797","Javier Baez","DET","SS","","","","1126","758","942.0"
"798","Nasim Nunez","WSH","SS","","","","758","916","837.0"
"799","Caleb Kilian","CHC","SP,RP","","","","903","759","831.0"
"800","Justin Wrobleski","LAD","SP,RP","","","","922","760","841.0"
"801","Andrew Walters","CLE","RP","","","","760","872","816.0"
"802","Logan Allen","CLE","SP","","","","859","770","814.5"
"803","Erik Swanson","TOR","RP","","","","999","761","880.0"
"804","Eric Haase","MIL","C","","","","1057","762","909.5"
"805","Erik Miller","SF","SP,RP","","","","763","904","833.5"
"806","Kenta Maeda","DET","SP,RP","","","","1060","764","912.0"
"807","Kevin Alcantara","CHC","CF,RF","","","","1108","765","936.5"
"808","Nicky Lopez","CHC","2B,3B,SS","","","","765","884","824.5"
"809","Noah Cameron","KC","SP","","","","1226","769","997.5"
"810","Randy Vasquez","SD","SP","","","","1066","771","918.5"
"811","Patrick Sandoval","BOS","SP","","","","771","994","882.5"
"812","Robert Stephenson","LAA","RP","","","","1106","772","939.0"
"813","Tyler Freeman","CLE","SS,CF","","","","1005","773","889.0"
"814","Will Vest","DET","RP","","","","1117","774","945.5"
"815","Stone Garrett","WSH","LF,RF,DH","","","","1025","775","900.0"
"816","Dylan Carlson","BAL","LF,CF,RF","","","","984","777","880.5"
"817","Edgardo Henriquez","LAD","RP","","","","833","813","823.0"
"818","Michel Otanez","ATH","RP","","","","1032","779","905.5"
"819","Bryse Wilson","CWS","SP,RP","","","","864","784","824.0"
"820","Vidal Brujan","CHC","2B,3B,SS,CF","","","","1145","780","962.5"
"821","Cooper Bowman","ATH","2B,CF","","","","780","888","834.0"
"822","Angel Martinez","CLE","LF,CF","","","","963","781","872.0"
"823","Andres Chaparro","WSH","1B,DH","","","","916","782","849.0"
"824","Jake Cousins","NYY","RP","","","","784","867","825.5"
"825","Jett Williams","NYM","SS","","","","1038","783","910.5"
"826","Jeferson Quero","MIL","C","","","","932","785","858.5"
"827","Craig Yoho","MIL","RP","","","","1094","786","940.0"
"828","Grant McCray","SF","CF","","","","966","787","876.5"
"829","Emmanuel Rivera","BAL","1B,3B","","","","787","898","842.5"
"830","Yoniel Curet","TB","SP","","","","837","819","828.0"
"831","Hector Neris","ATL","RP","","","","941","788","864.5"
"832","JT Brubaker","NYY","SP,RP","","","","788","878","833.0"
"833","Daniel Lynch","KC","SP,RP","","","","1210","789","999.5"
"834","Ryan Yarbrough","TOR","SP,RP","","","","790","995","892.5"
"835","Slade Cecconi","CLE","SP,RP","","","","1160","791","975.5"
"836","Jake Bloss","TOR","SP","","","","1037","792","914.5"
"837","Anthony Bender","MIA","RP","","","","1218","793","1,005.5"
"838","Taylor Walls","TB","SS","","","","1045","795","920.0"
"839","Ben Rortvedt","TB","C","","","","1067","796","931.5"
"840","Jordan Wicks","CHC","SP","","","","1227","797","1,012.0"
"841","Cole Young","SEA","2B,SS","","","","1035","798","916.5"
"842","Blaze Alexander","ARI","2B,3B,SS","","","","891","799","845.0"
"843","Braxton Ashcraft","PIT","SP","","","","958","800","879.0"
"844","Jon Berti","CHC","3B","","","","1049","801","925.0"
"845","Logan Evans","SEA","SP,RP","","","","1078","802","940.0"
"846","Tyson Miller","CHC","RP","","","","882","803","842.5"
"847","Daniel Hudson","","RP","","","","868","804","836.0"
"848","Pedro Leon","HOU","RF","","","","804","894","849.0"
"849","Roansy Contreras","BAL","SP,RP","","","","805","910","857.5"
"850","Dedniel Nunez","NYM","RP","","","","957","806","881.5"
"851","Colin Holderman","PIT","RP","","","","989","807","898.0"
"852","Ryan Noda","LAA","1B","","","","828","848","838.0"
"853","Andrew Nardi","MIA","RP","","","","998","808","903.0"
"854","Eguy Rosario","SD","3B","","","","1164","809","986.5"
"855","Daniel Schneemann","CLE","3B,SS,CF,RF","","","","906","810","858.0"
"856","Harry Ford","SEA","1B","","","","992","811","901.5"
"857","Payton Eeles","MIN","2B,SS","","","","1033","812","922.5"
"858","Graham Ashcraft","CIN","SP","","","","982","815","898.5"
"859","Rowdy Tellez","SEA","1B","","","","1019","816","917.5"
"860","Cody Thomas","TEX","LF,RF","","","","817","990","903.5"
"861","Denzel Clarke","ATH","CF","","","","975","817","896.0"
"862","Brett Wisely","SF","2B,SS","","","","860","828","844.0"
"863","Tim Anderson","LAA","SS","","","","1020","820","920.0"
"864","Trevor Bauer","","SP","","","","905","821","863.0"
"865","Dylan Lee","ATL","RP","","","","925","822","873.5"
"866","Nathan Lukes","TOR","LF,RF","","","","931","823","877.0"
"867","James McCann","","C","","","","940","824","882.0"
"868","Ian Seymour","TB","SP","","","","1105","825","965.0"
"869","Nick Mears","MIL","RP","","","","1007","829","918.0"
"870","Enrique Bradfield Jr.","BAL","LF,CF","","","","830","901","865.5"
"871","Jordan Leasure","CWS","RP","","","","832","886","859.0"
"872","Bryan Hudson","MIL","RP","","","","867","834","850.5"
"873","Chayce McDermott","BAL","SP","","","","1076","835","955.5"
"874","Drew Gilbert","NYM","CF","","","","858","847","852.5"
"875","Ben Casparius","LAD","SP,RP","","","","875","837","856.0"
"876","Connor Phillips","CIN","SP","","","","953","838","895.5"
"877","Ryan Fernandez","STL","RP","","","","1149","840","994.5"
"878","Jairo Iriarte","CWS","SP,RP","","","","840","905","872.5"
"879","Dane Myers","MIA","CF,RF","","","","1010","841","925.5"
"880","Carson Whisenhunt","SF","SP","","","","1059","842","950.5"
"881","Alexander Canario","NYM","LF,RF","","","","842","909","875.5"
"882","Max Muncy","ATH","2B,SS","","","","870","845","857.5"
"883","Tom Murphy","SF","C","","","","917","846","881.5"
"884","Sam Aldegheri","LAA","SP","","","","847","893","870.0"
"885","Stuart Fairchild","CIN","LF,CF,RF","","","","848","876","862.0"
"886","Manuel Rodriguez","TB","RP","","","","935","849","892.0"
"887","Kyle McCann","ATH","C","","","","853","866","859.5"
"888","Shane Smith","CWS","SP,RP","","","","910","851","880.5"
"889","Jac Caglianone","KC","1B","","","","1014","852","933.0"
"890","James Triantos","CHC","2B","","","","927","853","890.0"
"891","Trent Grisham","NYY","CF","","","","855","891","873.0"
"892","Drue Hackenberg","ATL","SP","","","","883","855","869.0"
"893","James McArthur","KC","RP","","","","878","856","867.0"
"894","Zach Maxwell","CIN","RP","","","","938","857","897.5"
"895","Joe Ross","PHI","SP,RP","","","","857","902","879.5"
"896","Luis Torrens","NYM","C","","","","943","858","900.5"
"897","Collin Snider","SEA","RP","","","","981","859","920.0"
"898","Tyler Ferguson","ATH","RP","","","","921","860","890.5"
"899","K.C. Hunt","MIL","SP,RP","","","","1123","861","992.0"
"900","Aaron Bummer","ATL","RP","","","","861","914","887.5"
"901","Yasmani Grandal","","C","","","","968","862","915.0"
"902","Mike Burrows","PIT","SP,RP","","","","962","863","912.5"
"903","Oswald Peraza","NYY","3B,SS","","","","1000","864","932.0"
"904","Emiliano Teodo","TEX","SP","","","","972","865","918.5"
"905","Liover Peguero","PIT","2B,SS","","","","865","875","870.0"
"906","Jared Koenig","MIL","SP,RP","","","","892","868","880.0"
"907","Zach DeLoach","CWS","LF,RF","","","","914","870","892.0"
"908","Brady Basso","ATH","SP","","","","945","873","909.0"
"909","Emilio Pagan","CIN","RP","","","","987","874","930.5"
"910","Clayton Beeter","NYY","SP,RP","","","","874","883","878.5"
"911","J.T. Ginn","ATH","SP,RP","","","","1023","877","950.0"
"912","Gustavo Campero","LAA","RF","","","","877","889","883.0"
"913","Robby Snelling","MIA","SP","","","","893","880","886.5"
"914","Luken Baker","STL","1B,DH","","","","913","882","897.5"
"915","Alex Freeland","LAD","SS","","","","887","981","934.0"
"916","Rafael Marchan","PHI","C","","","","955","887","921.0"
"917","Keaton Winn","SF","SP","","","","978","890","934.0"
"918","Sawyer Gipson-Long","DET","SP","","","","1041","892","966.5"
"919","Ryan Zeferjahn","LAA","RP","","","","1008","895","951.5"
"920","Nelson Velazquez","KC","LF,RF,DH","","","","971","896","933.5"
"921","Oscar Colas","CWS","CF,RF","","","","911","897","904.0"
"922","Brandon Young","BAL","SP","","","","1043","899","971.0"
"923","Andrew Morris","MIN","SP","","","","949","900","924.5"
"924","Alejandro Rosario","TEX","SP","","","","928","906","917.0"
"925","Parker Messick","CLE","SP","","","","976","907","941.5"
"926","Mike Clevinger","CWS","SP","","","","947","911","929.0"
"927","Charlie Condon","COL","3B,LF","","","","951","912","931.5"
"928","Sean Bouchard","COL","LF,RF","","","","944","913","928.5"
""
""